Lane,Date,Time,Scheduled,Slam,90th percentile_Schedule,90th percentile_Slam,50th percentile_Schedule,50th percentile_Slam
OAK4->ONT5,2018-09-01,00:00 PDT,3518.24477,3491.58022,3452.675233,3919.101467,3356.842095,3321.88808
OAK4->ONT5,2018-09-01,01:00 PDT,3518.24477,3491.58022,3941.258627,3919.101467,3356.842095,3321.85699
OAK4->ONT5,2018-09-01,02:00 PDT,683.603087,313.058298,1458.397075,363.3494775,949.322583,217.0453575
OAK4->ONT5,2018-09-01,03:00 PDT,767.972013,436.272878,1553.350232,483.1727352,1014.957985,310.7620055
OAK4->ONT5,2018-09-01,04:00 PDT,866.831137,562.604176,1616.127721,621.3008084,1075.064325,398.5549565
OAK4->ONT5,2018-09-01,05:00 PDT,869.679279,564.182905,1641.825696,625.1691613,1097.931045,402.330996
OAK4->ONT5,2018-09-01,06:00 PDT,884.589909,564.182905,1672.304881,625.2060306,1116.34316,403.0876605
OAK4->ONT5,2018-09-01,07:00 PDT,991.495217,648.959583,1783.336764,687.1445522,1201.126125,457.379422
OAK4->ONT5,2018-09-01,08:00 PDT,1191.82999,839.040992,1883.787314,923.402297,1326.29524,599.898205
OAK4->ONT5,2018-09-01,09:00 PDT,1370.69633,977.582255,2003.772411,1070.909073,1439.536505,681.114107
OAK4->ONT5,2018-09-01,10:00 PDT,1528.27116,1080.74573,2132.097057,1235.183565,1621.7393,885.4277435
OAK4->ONT5,2018-09-01,11:00 PDT,1694.32019,1167.39944,2241.645048,1447.846309,1780.94823,1037.801405
OAK4->ONT5,2018-09-01,12:00 PDT,1828.00542,1195.87875,2373.526981,1514.949534,1921.470625,1089.630895
OAK4->ONT5,2018-09-01,13:00 PDT,1990.23829,1313.3432,2589.791523,1722.520622,2093.57283,1258.08969
OAK4->ONT5,2018-09-01,14:00 PDT,2154.34902,1564.17816,2812.92303,1942.981458,2225.049745,1408.84639
OAK4->ONT5,2018-09-01,15:00 PDT,2299.16775,1681.4928,2931.71973,2158.205039,2424.568715,1555.23889
OAK4->ONT5,2018-09-01,16:00 PDT,2513.86746,1836.82039,3063.199927,2351.463722,2572.6623,1761.742705
OAK4->ONT5,2018-09-01,17:00 PDT,2683.8549,2087.9365,3247.232814,2572.903571,2734.49246,1960.458935
OAK4->ONT5,2018-09-01,18:00 PDT,2817.23638,2220.54861,3392.269362,2711.48748,2863.342085,2094.44656
OAK4->ONT5,2018-09-01,19:00 PDT,3026.33306,2587.54884,3662.634304,3057.420184,3006.23481,2521.280375
OAK4->ONT5,2018-09-01,20:00 PDT,3269.1987,2932.26763,3807.557936,3323.034985,3120.550505,2810.98972
OAK4->ONT5,2018-09-01,21:00 PDT,3272.90001,3094.45882,3789.901606,3584.69964,3157.03185,3050.55604
OAK4->ONT5,2018-09-01,22:00 PDT,3288.99682,3197.37603,3901.523505,3834.554256,3225.8796,3183.193375
OAK4->ONT5,2018-09-01,23:00 PDT,3299.90816,3220.57387,3944.474906,3907.139005,3240.56367,3217.49224
OAK4->ONT5,2018-09-02,00:00 PDT,3347.95076,3271.9776,,,,
OAK4->ONT5,2018-09-02,01:00 PDT,3347.95076,3271.9776,,,,
OAK4->ONT5,2018-09-02,02:00 PDT,1129.34287,350.856279,,,,
OAK4->ONT5,2018-09-02,03:00 PDT,1235.29609,508.079814,,,,
OAK4->ONT5,2018-09-02,04:00 PDT,1270.46364,620.712977,,,,
OAK4->ONT5,2018-09-02,05:00 PDT,1275.31067,622.240999,,,,
OAK4->ONT5,2018-09-02,06:00 PDT,1292.87747,622.240999,,,,
OAK4->ONT5,2018-09-02,07:00 PDT,1361.52355,679.721836,,,,
OAK4->ONT5,2018-09-02,08:00 PDT,1547.81766,836.275069,,,,
OAK4->ONT5,2018-09-02,09:00 PDT,1713.5608,978.909314,,,,
OAK4->ONT5,2018-09-02,10:00 PDT,1925.39952,1177.55614,,,,
OAK4->ONT5,2018-09-02,11:00 PDT,2100.36023,1265.10523,,,,
OAK4->ONT5,2018-09-02,12:00 PDT,2260.89863,1303.20258,,,,
OAK4->ONT5,2018-09-02,13:00 PDT,2583.57756,1572.12247,,,,
OAK4->ONT5,2018-09-02,14:00 PDT,2859.73313,1911.55292,,,,
OAK4->ONT5,2018-09-02,15:00 PDT,3075.87968,2046.79336,,,,
OAK4->ONT5,2018-09-02,16:00 PDT,3343.99885,2283.56797,,,,
OAK4->ONT5,2018-09-02,17:00 PDT,3423.31883,2490.62052,,,,
OAK4->ONT5,2018-09-02,18:00 PDT,3714.52095,2635.37835,,,,
OAK4->ONT5,2018-09-02,19:00 PDT,3852.83486,2950.61526,,,,
OAK4->ONT5,2018-09-02,20:00 PDT,3987.93853,3348.96911,,,,
OAK4->ONT5,2018-09-02,21:00 PDT,3989.88148,3650.16798,,,,
OAK4->ONT5,2018-09-02,22:00 PDT,3998.17459,3929.14589,,,,
OAK4->ONT5,2018-09-02,23:00 PDT,3998.07095,3937.19708,,,,
OAK4->ONT5,2018-09-03,00:00 PDT,3987.81106,3944.27668,,,,
OAK4->ONT5,2018-09-03,01:00 PDT,3974.59091,3944.14816,,,,
OAK4->ONT5,2018-09-03,02:00 PDT,910.881656,166.422071,,,,
OAK4->ONT5,2018-09-03,03:00 PDT,966.316262,250.764001,,,,
OAK4->ONT5,2018-09-03,04:00 PDT,1001.12872,304.821318,,,,
OAK4->ONT5,2018-09-03,05:00 PDT,1008.90159,306.521869,,,,
OAK4->ONT5,2018-09-03,06:00 PDT,1022.23907,306.521869,,,,
OAK4->ONT5,2018-09-03,07:00 PDT,1048.7818,342.222161,,,,
OAK4->ONT5,2018-09-03,08:00 PDT,1088.06375,446.708989,,,,
OAK4->ONT5,2018-09-03,09:00 PDT,1205.40928,560.387295,,,,
OAK4->ONT5,2018-09-03,10:00 PDT,1344.97714,647.549042,,,,
OAK4->ONT5,2018-09-03,11:00 PDT,1657.77734,958.354466,,,,
OAK4->ONT5,2018-09-03,12:00 PDT,1854.001,1030.93849,,,,
OAK4->ONT5,2018-09-03,13:00 PDT,2075.08849,1197.34251,,,,
OAK4->ONT5,2018-09-03,14:00 PDT,2170.27592,1439.9151,,,,
OAK4->ONT5,2018-09-03,15:00 PDT,2502.23387,1614.01487,,,,
OAK4->ONT5,2018-09-03,16:00 PDT,2882.12416,1930.61727,,,,
OAK4->ONT5,2018-09-03,17:00 PDT,3087.14621,2325.52091,,,,
OAK4->ONT5,2018-09-03,18:00 PDT,3286.9003,2444.04355,,,,
OAK4->ONT5,2018-09-03,19:00 PDT,3669.26464,2890.61834,,,,
OAK4->ONT5,2018-09-03,20:00 PDT,3985.31807,3320.44742,,,,
OAK4->ONT5,2018-09-03,21:00 PDT,3990.0773,3720.41748,,,,
OAK4->ONT5,2018-09-03,22:00 PDT,3987.59418,3917.07127,,,,
OAK4->ONT5,2018-09-03,23:00 PDT,3986.79581,3936.4859,,,,
OAK4->ONT5,2018-09-04,00:00 PDT,3981.24905,3948.80411,,,,
OAK4->ONT5,2018-09-04,01:00 PDT,3980.09893,3948.60133,,,,
OAK4->ONT5,2018-09-04,02:00 PDT,1178.81692,162.898395,,,,
OAK4->ONT5,2018-09-04,03:00 PDT,1236.66678,279.481126,,,,
OAK4->ONT5,2018-09-04,04:00 PDT,1286.67482,401.530064,,,,
OAK4->ONT5,2018-09-04,05:00 PDT,1296.96563,407.01123,,,,
OAK4->ONT5,2018-09-04,06:00 PDT,1328.19209,408.524559,,,,
OAK4->ONT5,2018-09-04,07:00 PDT,1409.62128,484.110438,,,,
OAK4->ONT5,2018-09-04,08:00 PDT,1536.86909,615.488723,,,,
OAK4->ONT5,2018-09-04,09:00 PDT,1653.39977,670.186205,,,,
OAK4->ONT5,2018-09-04,10:00 PDT,1846.59504,743.118901,,,,
OAK4->ONT5,2018-09-04,11:00 PDT,2004.02723,858.582355,,,,
OAK4->ONT5,2018-09-04,12:00 PDT,2125.84244,933.799748,,,,
OAK4->ONT5,2018-09-04,13:00 PDT,2242.74641,1091.87423,,,,
OAK4->ONT5,2018-09-04,14:00 PDT,2460.32131,1341.62731,,,,
OAK4->ONT5,2018-09-04,15:00 PDT,2606.77188,1495.99506,,,,
OAK4->ONT5,2018-09-04,16:00 PDT,2751.38501,1700.99667,,,,
OAK4->ONT5,2018-09-04,17:00 PDT,2896.81931,1916.73226,,,,
OAK4->ONT5,2018-09-04,18:00 PDT,3051.99643,2040.43134,,,,
OAK4->ONT5,2018-09-04,19:00 PDT,3258.07065,2509.0348,,,,
OAK4->ONT5,2018-09-04,20:00 PDT,3380.73605,2888.28924,,,,
OAK4->ONT5,2018-09-04,21:00 PDT,3403.62404,3183.44182,,,,
OAK4->ONT5,2018-09-04,22:00 PDT,3527.16904,3462.71211,,,,
OAK4->ONT5,2018-09-04,23:00 PDT,3589.36694,3549.9636,,,,
OAK4->ONT5,2018-09-05,00:00 PDT,3816.18099,3788.86494,,,,
OAK4->ONT5,2018-09-05,01:00 PDT,3816.14611,3788.86494,,,,
OAK4->ONT5,2018-09-05,02:00 PDT,1204.56948,376.154691,,,,
OAK4->ONT5,2018-09-05,03:00 PDT,1223.29603,479.962253,,,,
OAK4->ONT5,2018-09-05,04:00 PDT,1272.24943,586.684308,,,,
OAK4->ONT5,2018-09-05,05:00 PDT,1294.96534,595.270018,,,,
OAK4->ONT5,2018-09-05,06:00 PDT,1324.00824,595.270018,,,,
OAK4->ONT5,2018-09-05,07:00 PDT,1397.05656,637.814647,,,,
OAK4->ONT5,2018-09-05,08:00 PDT,1583.64531,803.886535,,,,
OAK4->ONT5,2018-09-05,09:00 PDT,1729.64216,989.788564,,,,
OAK4->ONT5,2018-09-05,10:00 PDT,1928.97914,1205.66882,,,,
OAK4->ONT5,2018-09-05,11:00 PDT,2124.32503,1376.11768,,,,
OAK4->ONT5,2018-09-05,12:00 PDT,2257.2475,1426.27381,,,,
OAK4->ONT5,2018-09-05,13:00 PDT,2417.55121,1644.04437,,,,
OAK4->ONT5,2018-09-05,14:00 PDT,2539.70075,1910.59866,,,,
OAK4->ONT5,2018-09-05,15:00 PDT,2767.85948,2163.96134,,,,
OAK4->ONT5,2018-09-05,16:00 PDT,2979.91288,2381.05583,,,,
OAK4->ONT5,2018-09-05,17:00 PDT,3162.71833,2608.11973,,,,
OAK4->ONT5,2018-09-05,18:00 PDT,3336.31707,2717.71827,,,,
OAK4->ONT5,2018-09-05,19:00 PDT,3607.5921,3057.14799,,,,
OAK4->ONT5,2018-09-05,20:00 PDT,3754.40755,3346.32307,,,,
OAK4->ONT5,2018-09-05,21:00 PDT,3763.89626,3577.42538,,,,
OAK4->ONT5,2018-09-05,22:00 PDT,3896.63791,3826.02628,,,,
OAK4->ONT5,2018-09-05,23:00 PDT,3957.12563,3905.65821,,,,
OAK4->ONT5,2018-09-06,00:00 PDT,3957.34317,3918.67865,,,,
OAK4->ONT5,2018-09-06,01:00 PDT,3950.81993,3918.67865,,,,
OAK4->ONT5,2018-09-06,02:00 PDT,910.422567,210.58055,,,,
OAK4->ONT5,2018-09-06,03:00 PDT,1028.06012,391.857319,,,,
OAK4->ONT5,2018-09-06,04:00 PDT,1105.76099,532.8981,,,,
OAK4->ONT5,2018-09-06,05:00 PDT,1128.37566,537.504486,,,,
OAK4->ONT5,2018-09-06,06:00 PDT,1156.7537,537.504486,,,,
OAK4->ONT5,2018-09-06,07:00 PDT,1220.13818,610.091644,,,,
OAK4->ONT5,2018-09-06,08:00 PDT,1351.87081,788.157549,,,,
OAK4->ONT5,2018-09-06,09:00 PDT,1467.62967,882.601001,,,,
OAK4->ONT5,2018-09-06,10:00 PDT,1741.24559,1125.50649,,,,
OAK4->ONT5,2018-09-06,11:00 PDT,1859.91937,1249.62949,,,,
OAK4->ONT5,2018-09-06,12:00 PDT,1988.94025,1333.8443,,,,
OAK4->ONT5,2018-09-06,13:00 PDT,2112.05717,1535.81159,,,,
OAK4->ONT5,2018-09-06,14:00 PDT,2285.37103,1811.17131,,,,
OAK4->ONT5,2018-09-06,15:00 PDT,2445.07893,1983.92353,,,,
OAK4->ONT5,2018-09-06,16:00 PDT,2612.96509,2149.76369,,,,
OAK4->ONT5,2018-09-06,17:00 PDT,2804.6667,2396.50842,,,,
OAK4->ONT5,2018-09-06,18:00 PDT,2937.96828,2475.4798,,,,
OAK4->ONT5,2018-09-06,19:00 PDT,3103.26261,2757.80098,,,,
OAK4->ONT5,2018-09-06,20:00 PDT,3265.67452,2967.06683,,,,
OAK4->ONT5,2018-09-06,21:00 PDT,3272.8977,3155.04522,,,,
OAK4->ONT5,2018-09-06,22:00 PDT,3370.61548,3340.66328,,,,
OAK4->ONT5,2018-09-06,23:00 PDT,3455.78998,3435.0407,,,,
OAK4->ONT5,2018-09-07,00:00 PDT,3562.03001,3547.77676,,,,
OAK4->ONT5,2018-09-07,01:00 PDT,3561.98087,3547.72763,,,,
OAK4->ONT5,2018-09-07,02:00 PDT,598.296061,251.975257,,,,
OAK4->ONT5,2018-09-07,03:00 PDT,659.925918,324.591158,,,,
OAK4->ONT5,2018-09-07,04:00 PDT,712.587746,395.579849,,,,
OAK4->ONT5,2018-09-07,05:00 PDT,730.045124,397.650762,,,,
OAK4->ONT5,2018-09-07,06:00 PDT,780.812913,397.650762,,,,
OAK4->ONT5,2018-09-07,07:00 PDT,853.137236,409.402371,,,,
OAK4->ONT5,2018-09-07,08:00 PDT,1052.45553,550.930707,,,,
OAK4->ONT5,2018-09-07,09:00 PDT,1192.82061,633.62301,,,,
OAK4->ONT5,2018-09-07,10:00 PDT,1380.77008,769.978254,,,,
OAK4->ONT5,2018-09-07,11:00 PDT,1605.31885,945.071969,,,,
OAK4->ONT5,2018-09-07,12:00 PDT,1761.22917,1044.58966,,,,
OAK4->ONT5,2018-09-07,13:00 PDT,1827.17926,1276.45208,,,,
OAK4->ONT5,2018-09-07,14:00 PDT,1993.20243,1565.04133,,,,
OAK4->ONT5,2018-09-07,15:00 PDT,2174.58601,1692.77054,,,,
OAK4->ONT5,2018-09-07,16:00 PDT,2352.28922,1842.06922,,,,
OAK4->ONT5,2018-09-07,17:00 PDT,2516.89726,2030.96136,,,,
OAK4->ONT5,2018-09-07,18:00 PDT,2676.41671,2154.37154,,,,
OAK4->ONT5,2018-09-07,19:00 PDT,2867.80579,2533.52595,,,,
OAK4->ONT5,2018-09-07,20:00 PDT,3003.24256,2735.98982,,,,
OAK4->ONT5,2018-09-07,21:00 PDT,3204.57074,3089.97374,,,,
OAK4->ONT5,2018-09-07,22:00 PDT,3397.97558,3366.37268,,,,
OAK4->ONT5,2018-09-07,23:00 PDT,3489.75766,3465.5362,,,,
OAK4->ONT5,2018-09-08,00:00 PDT,3577.00154,3554.45364,,,,
OAK4->ONT5,2018-09-08,01:00 PDT,3577.00154,3554.45364,,,,
OAK4->ONT5,2018-09-08,02:00 PDT,1441.2035,438.5953,,,,
OAK4->ONT5,2018-09-08,03:00 PDT,1537.69681,641.948004,,,,
OAK4->ONT5,2018-09-08,04:00 PDT,1604.64221,803.804008,,,,
OAK4->ONT5,2018-09-08,05:00 PDT,1632.7904,818.900253,,,,
OAK4->ONT5,2018-09-08,06:00 PDT,1664.22559,819.575986,,,,
OAK4->ONT5,2018-09-08,07:00 PDT,1782.59886,954.94059,,,,
OAK4->ONT5,2018-09-08,08:00 PDT,2046.53543,1208.89435,,,,
OAK4->ONT5,2018-09-08,09:00 PDT,2136.303,1341.54261,,,,
OAK4->ONT5,2018-09-08,10:00 PDT,2415.86646,1529.64671,,,,
OAK4->ONT5,2018-09-08,11:00 PDT,2500.399,1693.04379,,,,
OAK4->ONT5,2018-09-08,12:00 PDT,2579.66042,1756.80423,,,,
OAK4->ONT5,2018-09-08,13:00 PDT,2722.30278,1969.81819,,,,
OAK4->ONT5,2018-09-08,14:00 PDT,2823.75075,2286.76981,,,,
OAK4->ONT5,2018-09-08,15:00 PDT,3131.85763,2495.43194,,,,
OAK4->ONT5,2018-09-08,16:00 PDT,3333.73743,2668.26683,,,,
OAK4->ONT5,2018-09-08,17:00 PDT,3632.22165,2864.80557,,,,
OAK4->ONT5,2018-09-08,18:00 PDT,3810.90942,2953.22464,,,,
OAK4->ONT5,2018-09-08,19:00 PDT,3907.1639,3308.35101,,,,
OAK4->ONT5,2018-09-08,20:00 PDT,3949.25912,3675.27772,,,,
OAK4->ONT5,2018-09-08,21:00 PDT,3945.76906,3850.75342,,,,
OAK4->ONT5,2018-09-08,22:00 PDT,3945.49386,3911.30604,,,,
OAK4->ONT5,2018-09-08,23:00 PDT,3943.06927,3920.46616,,,,
OAK4->ONT5,2018-09-09,00:00 PDT,3940.61549,3922.90682,,,,
OAK4->ONT5,2018-09-09,01:00 PDT,3940.19626,3922.90682,,,,
OAK4->ONT5,2018-09-09,02:00 PDT,1018.8552,94.653662,,,,
OAK4->ONT5,2018-09-09,03:00 PDT,1020.76243,139.392892,,,,
OAK4->ONT5,2018-09-09,04:00 PDT,1048.94747,196.528661,,,,
OAK4->ONT5,2018-09-09,05:00 PDT,1051.76674,197.27566,,,,
OAK4->ONT5,2018-09-09,06:00 PDT,1062.83957,197.27566,,,,
OAK4->ONT5,2018-09-09,07:00 PDT,1100.4123,239.984567,,,,
OAK4->ONT5,2018-09-09,08:00 PDT,1150.45058,364.584291,,,,
OAK4->ONT5,2018-09-09,09:00 PDT,1165.62352,445.176921,,,,
OAK4->ONT5,2018-09-09,10:00 PDT,1264.6618,581.303995,,,,
OAK4->ONT5,2018-09-09,11:00 PDT,1342.73694,782.250319,,,,
OAK4->ONT5,2018-09-09,12:00 PDT,1380.90605,841.867562,,,,
OAK4->ONT5,2018-09-09,13:00 PDT,1576.70064,1008.66614,,,,
OAK4->ONT5,2018-09-09,14:00 PDT,1820.64469,1198.62676,,,,
OAK4->ONT5,2018-09-09,15:00 PDT,2073.0988,1349.33484,,,,
OAK4->ONT5,2018-09-09,16:00 PDT,2271.39042,1508.87934,,,,
OAK4->ONT5,2018-09-09,17:00 PDT,2511.03205,1677.8256,,,,
OAK4->ONT5,2018-09-09,18:00 PDT,2696.58393,1791.61449,,,,
OAK4->ONT5,2018-09-09,19:00 PDT,2858.96357,2137.72461,,,,
OAK4->ONT5,2018-09-09,20:00 PDT,3085.71642,2548.58362,,,,
OAK4->ONT5,2018-09-09,21:00 PDT,3076.01655,2842.19562,,,,
OAK4->ONT5,2018-09-09,22:00 PDT,3146.80542,3100.60127,,,,
OAK4->ONT5,2018-09-09,23:00 PDT,3193.743,3166.96771,,,,
OAK4->ONT5,2018-09-10,00:00 PDT,3305.64338,3289.73368,,,,
OAK4->ONT5,2018-09-10,01:00 PDT,3305.5812,3289.6715,,,,
OAK4->ONT5,2018-09-10,02:00 PDT,1401.98667,259.118225,,,,
OAK4->ONT5,2018-09-10,03:00 PDT,1502.07062,406.251837,,,,
OAK4->ONT5,2018-09-10,04:00 PDT,1529.0555,519.567517,,,,
OAK4->ONT5,2018-09-10,05:00 PDT,1542.04757,526.220704,,,,
OAK4->ONT5,2018-09-10,06:00 PDT,1568.11108,526.220704,,,,
OAK4->ONT5,2018-09-10,07:00 PDT,1640.10491,588.405976,,,,
OAK4->ONT5,2018-09-10,08:00 PDT,1788.04607,788.76028,,,,
OAK4->ONT5,2018-09-10,09:00 PDT,1907.16298,872.438766,,,,
OAK4->ONT5,2018-09-10,10:00 PDT,2032.4438,992.70809,,,,
OAK4->ONT5,2018-09-10,11:00 PDT,2221.47888,1130.04794,,,,
OAK4->ONT5,2018-09-10,12:00 PDT,2353.57612,1141.4744,,,,
OAK4->ONT5,2018-09-10,13:00 PDT,2521.96098,1241.98552,,,,
OAK4->ONT5,2018-09-10,14:00 PDT,2671.44835,1391.84832,,,,
OAK4->ONT5,2018-09-10,15:00 PDT,2846.05787,1553.12009,,,,
OAK4->ONT5,2018-09-10,16:00 PDT,3052.87626,1814.78521,,,,
OAK4->ONT5,2018-09-10,17:00 PDT,3236.91401,2004.18561,,,,
OAK4->ONT5,2018-09-10,18:00 PDT,3382.21082,2148.46178,,,,
OAK4->ONT5,2018-09-10,19:00 PDT,3550.99231,2677.36703,,,,
OAK4->ONT5,2018-09-10,20:00 PDT,3717.34993,3208.56206,,,,
OAK4->ONT5,2018-09-10,21:00 PDT,3710.60027,3461.7354,,,,
OAK4->ONT5,2018-09-10,22:00 PDT,3778.77053,3733.35093,,,,
OAK4->ONT5,2018-09-10,23:00 PDT,3843.23799,3817.21976,,,,
OAK4->ONT5,2018-09-11,00:00 PDT,3893.19576,3879.83352,,,,
OAK4->ONT5,2018-09-11,01:00 PDT,3892.9571,3879.64173,,,,
OAK4->ONT5,2018-09-11,02:00 PDT,1637.45967,244.921975,,,,
OAK4->ONT5,2018-09-11,03:00 PDT,1694.23103,379.251863,,,,
OAK4->ONT5,2018-09-11,04:00 PDT,1796.47951,577.026277,,,,
OAK4->ONT5,2018-09-11,05:00 PDT,1831.4477,587.292043,,,,
OAK4->ONT5,2018-09-11,06:00 PDT,1871.65463,587.292043,,,,
OAK4->ONT5,2018-09-11,07:00 PDT,1975.74688,704.755799,,,,
OAK4->ONT5,2018-09-11,08:00 PDT,2104.79946,919.8228,,,,
OAK4->ONT5,2018-09-11,09:00 PDT,2238.477,1049.52454,,,,
OAK4->ONT5,2018-09-11,10:00 PDT,2329.17996,1185.92036,,,,
OAK4->ONT5,2018-09-11,11:00 PDT,2483.44094,1414.93535,,,,
OAK4->ONT5,2018-09-11,12:00 PDT,2622.88442,1512.15987,,,,
OAK4->ONT5,2018-09-11,13:00 PDT,2645.71719,1698.32467,,,,
OAK4->ONT5,2018-09-11,14:00 PDT,2811.71995,1939.33371,,,,
OAK4->ONT5,2018-09-11,15:00 PDT,2970.44151,2140.20787,,,,
OAK4->ONT5,2018-09-11,16:00 PDT,3156.11293,2321.74267,,,,
OAK4->ONT5,2018-09-11,17:00 PDT,3340.10205,2517.03273,,,,
OAK4->ONT5,2018-09-11,18:00 PDT,3482.79624,2683.73543,,,,
OAK4->ONT5,2018-09-11,19:00 PDT,3661.8976,3073.73777,,,,
OAK4->ONT5,2018-09-11,20:00 PDT,3791.81336,3303.9906,,,,
OAK4->ONT5,2018-09-11,21:00 PDT,3772.583,3440.08297,,,,
OAK4->ONT5,2018-09-11,22:00 PDT,3775.73125,3642.72928,,,,
OAK4->ONT5,2018-09-11,23:00 PDT,3771.82259,3724.00652,,,,
OAK4->ONT5,2018-09-12,00:00 PDT,3781.31918,3760.88166,,,,
OAK4->ONT5,2018-09-12,01:00 PDT,3781.03827,3760.83555,,,,
OAK4->ONT5,2018-09-12,02:00 PDT,1613.13925,256.19669,,,,
OAK4->ONT5,2018-09-12,03:00 PDT,1765.78266,471.62017,,,,
OAK4->ONT5,2018-09-12,04:00 PDT,1839.791,620.944044,,,,
OAK4->ONT5,2018-09-12,05:00 PDT,1848.19335,625.070318,,,,
OAK4->ONT5,2018-09-12,06:00 PDT,1873.86307,625.070318,,,,
OAK4->ONT5,2018-09-12,07:00 PDT,1951.3245,683.532098,,,,
OAK4->ONT5,2018-09-12,08:00 PDT,2071.77956,901.577813,,,,
OAK4->ONT5,2018-09-12,09:00 PDT,2175.35371,1066.79541,,,,
OAK4->ONT5,2018-09-12,10:00 PDT,2302.75899,1185.66555,,,,
OAK4->ONT5,2018-09-12,11:00 PDT,2423.14056,1394.50222,,,,
OAK4->ONT5,2018-09-12,12:00 PDT,2553.08473,1508.83719,,,,
OAK4->ONT5,2018-09-12,13:00 PDT,2701.7777,1750.21741,,,,
OAK4->ONT5,2018-09-12,14:00 PDT,2841.39195,2045.57348,,,,
OAK4->ONT5,2018-09-12,15:00 PDT,2927.41731,2236.21845,,,,
OAK4->ONT5,2018-09-12,16:00 PDT,3051.64938,2404.37464,,,,
OAK4->ONT5,2018-09-12,17:00 PDT,3171.41189,2569.77587,,,,
OAK4->ONT5,2018-09-12,18:00 PDT,3283.50557,2710.79517,,,,
OAK4->ONT5,2018-09-12,19:00 PDT,3452.32915,3005.90458,,,,
OAK4->ONT5,2018-09-12,20:00 PDT,3544.57849,3277.74802,,,,
OAK4->ONT5,2018-09-12,21:00 PDT,3530.70986,3426.62873,,,,
OAK4->ONT5,2018-09-12,22:00 PDT,3703.44336,3672.00439,,,,
OAK4->ONT5,2018-09-12,23:00 PDT,3791.91501,3770.73341,,,,
OAK4->ONT5,2018-09-13,00:00 PDT,3915.30393,3901.33802,,,,
OAK4->ONT5,2018-09-13,01:00 PDT,3915.30393,3901.33802,,,,
OAK4->ONT5,2018-09-13,02:00 PDT,896.771893,299.132232,,,,
OAK4->ONT5,2018-09-13,03:00 PDT,998.472459,452.598871,,,,
OAK4->ONT5,2018-09-13,04:00 PDT,1084.85572,567.778384,,,,
OAK4->ONT5,2018-09-13,05:00 PDT,1108.48027,573.63139,,,,
OAK4->ONT5,2018-09-13,06:00 PDT,1122.22855,573.63139,,,,
OAK4->ONT5,2018-09-13,07:00 PDT,1204.65861,634.115125,,,,
OAK4->ONT5,2018-09-13,08:00 PDT,1300.71967,757.109136,,,,
OAK4->ONT5,2018-09-13,09:00 PDT,1393.26024,823.168793,,,,
OAK4->ONT5,2018-09-13,10:00 PDT,1522.49024,897.016972,,,,
OAK4->ONT5,2018-09-13,11:00 PDT,1645.63825,1026.35435,,,,
OAK4->ONT5,2018-09-13,12:00 PDT,1735.21886,1073.76412,,,,
OAK4->ONT5,2018-09-13,13:00 PDT,1817.42729,1116.76974,,,,
OAK4->ONT5,2018-09-13,14:00 PDT,1937.77348,1259.20079,,,,
OAK4->ONT5,2018-09-13,15:00 PDT,2062.33854,1318.84547,,,,
OAK4->ONT5,2018-09-13,16:00 PDT,2185.97582,1405.9024,,,,
OAK4->ONT5,2018-09-13,17:00 PDT,2325.94616,1537.35335,,,,
OAK4->ONT5,2018-09-13,18:00 PDT,2423.29055,1585.19154,,,,
OAK4->ONT5,2018-09-13,19:00 PDT,2565.39515,1766.39948,,,,
OAK4->ONT5,2018-09-13,20:00 PDT,2683.401,2250.7313,,,,
OAK4->ONT5,2018-09-13,21:00 PDT,2691.6033,2470.20868,,,,
OAK4->ONT5,2018-09-13,22:00 PDT,2798.45784,2757.95581,,,,
OAK4->ONT5,2018-09-13,23:00 PDT,2857.15139,2843.83298,,,,
OAK4->ONT5,2018-09-14,00:00 PDT,2969.86222,2962.19874,,,,
OAK4->ONT5,2018-09-14,01:00 PDT,2969.86222,2962.19874,,,,
OAK4->ONT5,2018-09-14,02:00 PDT,500.898429,242.383192,,,,
OAK4->ONT5,2018-09-14,03:00 PDT,536.55217,296.932853,,,,
OAK4->ONT5,2018-09-14,04:00 PDT,573.956421,346.033261,,,,
OAK4->ONT5,2018-09-14,05:00 PDT,585.31756,347.753296,,,,
OAK4->ONT5,2018-09-14,06:00 PDT,610.796424,347.753296,,,,
OAK4->ONT5,2018-09-14,07:00 PDT,684.433604,373.931091,,,,
OAK4->ONT5,2018-09-14,08:00 PDT,813.698259,465.163486,,,,
OAK4->ONT5,2018-09-14,09:00 PDT,997.386314,645.786202,,,,
OAK4->ONT5,2018-09-14,10:00 PDT,1325.84582,948.305534,,,,
OAK4->ONT5,2018-09-14,11:00 PDT,1495.80092,1070.63969,,,,
OAK4->ONT5,2018-09-14,12:00 PDT,1609.46002,1105.49767,,,,
OAK4->ONT5,2018-09-14,13:00 PDT,1727.65364,1229.34604,,,,
OAK4->ONT5,2018-09-14,14:00 PDT,1840.99129,1365.83031,,,,
OAK4->ONT5,2018-09-14,15:00 PDT,1964.21431,1470.95278,,,,
OAK4->ONT5,2018-09-14,16:00 PDT,2141.08262,1621.66366,,,,
OAK4->ONT5,2018-09-14,17:00 PDT,2334.21468,1840.41938,,,,
OAK4->ONT5,2018-09-14,18:00 PDT,2440.22994,1971.638,,,,
OAK4->ONT5,2018-09-14,19:00 PDT,2616.33318,2348.67478,,,,
OAK4->ONT5,2018-09-14,20:00 PDT,2911.79575,2660.87051,,,,
OAK4->ONT5,2018-09-14,21:00 PDT,3080.04773,3002.50651,,,,
OAK4->ONT5,2018-09-14,22:00 PDT,3173.03978,3153.31335,,,,
OAK4->ONT5,2018-09-14,23:00 PDT,3186.36657,3174.26154,,,,
OAK4->ONT5,2018-09-15,00:00 PDT,3274.67212,3266.87782,,,,
OAK4->ONT5,2018-09-15,01:00 PDT,3274.33585,3266.87782,,,,
OAK4->ONT5,2018-09-15,02:00 PDT,1381.00448,600.558942,,,,
OAK4->ONT5,2018-09-15,03:00 PDT,1455.2212,795.343359,,,,
OAK4->ONT5,2018-09-15,04:00 PDT,1487.5679,899.589056,,,,
OAK4->ONT5,2018-09-15,05:00 PDT,1499.44435,902.237934,,,,
OAK4->ONT5,2018-09-15,06:00 PDT,1508.70355,902.237934,,,,
OAK4->ONT5,2018-09-15,07:00 PDT,1609.36853,989.121796,,,,
OAK4->ONT5,2018-09-15,08:00 PDT,1861.69711,1206.2446,,,,
OAK4->ONT5,2018-09-15,09:00 PDT,1989.04679,1315.13185,,,,
OAK4->ONT5,2018-09-15,10:00 PDT,2113.13462,1401.63883,,,,
OAK4->ONT5,2018-09-15,11:00 PDT,2214.86964,1452.15676,,,,
OAK4->ONT5,2018-09-15,12:00 PDT,2299.72386,1484.85039,,,,
OAK4->ONT5,2018-09-15,13:00 PDT,2426.87984,1608.60197,,,,
OAK4->ONT5,2018-09-15,14:00 PDT,2549.98998,1825.37765,,,,
OAK4->ONT5,2018-09-15,15:00 PDT,2673.09693,1959.69259,,,,
OAK4->ONT5,2018-09-15,16:00 PDT,2796.88028,2119.8314,,,,
OAK4->ONT5,2018-09-15,17:00 PDT,2866.18429,2222.20288,,,,
OAK4->ONT5,2018-09-15,18:00 PDT,2973.97258,2329.95019,,,,
OAK4->ONT5,2018-09-15,19:00 PDT,3139.60024,2701.82608,,,,
OAK4->ONT5,2018-09-15,20:00 PDT,3260.61704,2953.2942,,,,
OAK4->ONT5,2018-09-15,21:00 PDT,3251.86404,3126.57265,,,,
OAK4->ONT5,2018-09-15,22:00 PDT,3248.00856,3220.84825,,,,
OAK4->ONT5,2018-09-15,23:00 PDT,3251.41758,3235.24528,,,,
OAK4->ONT5,2018-09-16,00:00 PDT,3274.68056,3262.25866,,,,
OAK4->ONT5,2018-09-16,01:00 PDT,3274.46065,3262.03875,,,,
OAK4->ONT5,2018-09-16,02:00 PDT,1039.08429,172.30539,,,,
OAK4->ONT5,2018-09-16,03:00 PDT,1115.39648,272.352918,,,,
OAK4->ONT5,2018-09-16,04:00 PDT,1151.60405,330.825458,,,,
OAK4->ONT5,2018-09-16,05:00 PDT,1160.45042,332.288674,,,,
OAK4->ONT5,2018-09-16,06:00 PDT,1186.11969,332.624947,,,,
OAK4->ONT5,2018-09-16,07:00 PDT,1266.1922,386.573551,,,,
OAK4->ONT5,2018-09-16,08:00 PDT,1372.55185,518.255278,,,,
OAK4->ONT5,2018-09-16,09:00 PDT,1486.56363,584.232677,,,,
OAK4->ONT5,2018-09-16,10:00 PDT,1715.20744,728.267698,,,,
OAK4->ONT5,2018-09-16,11:00 PDT,1844.664,833.304247,,,,
OAK4->ONT5,2018-09-16,12:00 PDT,1997.97495,907.654393,,,,
OAK4->ONT5,2018-09-16,13:00 PDT,2135.61825,1049.56775,,,,
OAK4->ONT5,2018-09-16,14:00 PDT,2279.82357,1217.33209,,,,
OAK4->ONT5,2018-09-16,15:00 PDT,2432.0073,1371.52808,,,,
OAK4->ONT5,2018-09-16,16:00 PDT,2623.53182,1552.11251,,,,
OAK4->ONT5,2018-09-16,17:00 PDT,2785.13002,1724.62495,,,,
OAK4->ONT5,2018-09-16,18:00 PDT,2935.24749,1851.49818,,,,
OAK4->ONT5,2018-09-16,19:00 PDT,3118.2955,2359.40288,,,,
OAK4->ONT5,2018-09-16,20:00 PDT,3259.51752,2728.77723,,,,
OAK4->ONT5,2018-09-16,21:00 PDT,3227.7972,2999.02788,,,,
OAK4->ONT5,2018-09-16,22:00 PDT,3303.24712,3259.482,,,,
OAK4->ONT5,2018-09-16,23:00 PDT,3342.39984,3312.01769,,,,
OAK4->ONT5,2018-09-17,00:00 PDT,3401.57369,3385.69398,,,,
OAK4->ONT5,2018-09-17,01:00 PDT,3401.75537,3385.61858,,,,
OAK4->ONT5,2018-09-17,02:00 PDT,859.154188,143.338605,,,,
OAK4->ONT5,2018-09-17,03:00 PDT,938.318784,246.121613,,,,
OAK4->ONT5,2018-09-17,04:00 PDT,1029.17275,369.886623,,,,
OAK4->ONT5,2018-09-17,05:00 PDT,1041.86988,374.164685,,,,
OAK4->ONT5,2018-09-17,06:00 PDT,1034.05233,376.200506,,,,
OAK4->ONT5,2018-09-17,07:00 PDT,1007.21533,430.648406,,,,
OAK4->ONT5,2018-09-17,08:00 PDT,1146.85849,584.307687,,,,
OAK4->ONT5,2018-09-17,09:00 PDT,1285.11292,692.042009,,,,
OAK4->ONT5,2018-09-17,10:00 PDT,1512.11654,873.838515,,,,
OAK4->ONT5,2018-09-17,11:00 PDT,1717.23246,1028.96134,,,,
OAK4->ONT5,2018-09-17,12:00 PDT,1818.32325,1050.70332,,,,
OAK4->ONT5,2018-09-17,13:00 PDT,1926.25654,1135.44362,,,,
OAK4->ONT5,2018-09-17,14:00 PDT,2081.92749,1310.82136,,,,
OAK4->ONT5,2018-09-17,15:00 PDT,2132.28637,1488.01834,,,,
OAK4->ONT5,2018-09-17,16:00 PDT,2269.59476,1647.4849,,,,
OAK4->ONT5,2018-09-17,17:00 PDT,2345.9136,1820.07513,,,,
OAK4->ONT5,2018-09-17,18:00 PDT,2548.08476,1950.69756,,,,
OAK4->ONT5,2018-09-17,19:00 PDT,2760.17471,2298.08115,,,,
OAK4->ONT5,2018-09-17,20:00 PDT,2904.45867,2572.14507,,,,
OAK4->ONT5,2018-09-17,21:00 PDT,2897.36068,2746.90779,,,,
OAK4->ONT5,2018-09-17,22:00 PDT,3108.98915,3077.00177,,,,
OAK4->ONT5,2018-09-17,23:00 PDT,3197.17961,3177.88372,,,,
OAK4->ONT5,2018-09-18,00:00 PDT,3365.73343,3354.04248,,,,
OAK4->ONT5,2018-09-18,01:00 PDT,3365.73343,3354.04248,,,,
OAK4->ONT5,2018-09-18,02:00 PDT,1127.79876,312.589935,,,,
OAK4->ONT5,2018-09-18,03:00 PDT,1236.57099,464.671027,,,,
OAK4->ONT5,2018-09-18,04:00 PDT,1350.36472,624.511688,,,,
OAK4->ONT5,2018-09-18,05:00 PDT,1353.86571,626.058751,,,,
OAK4->ONT5,2018-09-18,06:00 PDT,1381.27889,626.427444,,,,
OAK4->ONT5,2018-09-18,07:00 PDT,1470.03084,685.187747,,,,
OAK4->ONT5,2018-09-18,08:00 PDT,1606.60965,815.957976,,,,
OAK4->ONT5,2018-09-18,09:00 PDT,1731.65971,944.191737,,,,
OAK4->ONT5,2018-09-18,10:00 PDT,1903.10941,1124.57036,,,,
OAK4->ONT5,2018-09-18,11:00 PDT,2128.44497,1381.08931,,,,
OAK4->ONT5,2018-09-18,12:00 PDT,2268.2394,1480.14151,,,,
OAK4->ONT5,2018-09-18,13:00 PDT,2393.10055,1622.39775,,,,
OAK4->ONT5,2018-09-18,14:00 PDT,2542.37205,1840.71241,,,,
OAK4->ONT5,2018-09-18,15:00 PDT,2657.94574,1931.1672,,,,
OAK4->ONT5,2018-09-18,16:00 PDT,2671.38169,2056.15804,,,,
OAK4->ONT5,2018-09-18,17:00 PDT,2795.87112,2263.49431,,,,
OAK4->ONT5,2018-09-18,18:00 PDT,2909.44779,2376.44299,,,,
OAK4->ONT5,2018-09-18,19:00 PDT,2986.13656,2684.62248,,,,
OAK4->ONT5,2018-09-18,20:00 PDT,3112.92337,2885.98962,,,,
OAK4->ONT5,2018-09-18,21:00 PDT,3126.64847,3041.36488,,,,
OAK4->ONT5,2018-09-18,22:00 PDT,3337.00401,3308.28574,,,,
OAK4->ONT5,2018-09-18,23:00 PDT,3389.79885,3366.52147,,,,
OAK4->ONT5,2018-09-19,00:00 PDT,3514.0044,3497.12227,,,,
OAK4->ONT5,2018-09-19,01:00 PDT,3513.63801,3496.9195,,,,
OAK4->ONT5,2018-09-19,02:00 PDT,859.416435,361.926676,,,,
OAK4->ONT5,2018-09-19,03:00 PDT,948.637345,480.405282,,,,
OAK4->ONT5,2018-09-19,04:00 PDT,1057.5931,607.780397,,,,
OAK4->ONT5,2018-09-19,05:00 PDT,1077.26093,612.46134,,,,
OAK4->ONT5,2018-09-19,06:00 PDT,1096.21146,612.46134,,,,
OAK4->ONT5,2018-09-19,07:00 PDT,1197.59364,682.980565,,,,
OAK4->ONT5,2018-09-19,08:00 PDT,1448.17304,955.61777,,,,
OAK4->ONT5,2018-09-19,09:00 PDT,1667.67372,1107.93204,,,,
OAK4->ONT5,2018-09-19,10:00 PDT,1975.98903,1386.13179,,,,
OAK4->ONT5,2018-09-19,11:00 PDT,2163.51023,1564.36603,,,,
OAK4->ONT5,2018-09-19,12:00 PDT,2304.9749,1600.37886,,,,
OAK4->ONT5,2018-09-19,13:00 PDT,2447.1776,1740.64925,,,,
OAK4->ONT5,2018-09-19,14:00 PDT,2600.10279,1975.81119,,,,
OAK4->ONT5,2018-09-19,15:00 PDT,2738.25494,2157.56545,,,,
OAK4->ONT5,2018-09-19,16:00 PDT,2898.93113,2348.17571,,,,
OAK4->ONT5,2018-09-19,17:00 PDT,3043.94663,2601.05288,,,,
OAK4->ONT5,2018-09-19,18:00 PDT,3185.38151,2745.65497,,,,
OAK4->ONT5,2018-09-19,19:00 PDT,3330.08791,3059.86993,,,,
OAK4->ONT5,2018-09-19,20:00 PDT,3465.38474,3289.11233,,,,
OAK4->ONT5,2018-09-19,21:00 PDT,3487.85025,3441.61331,,,,
OAK4->ONT5,2018-09-19,22:00 PDT,3683.15652,3666.72942,,,,
OAK4->ONT5,2018-09-19,23:00 PDT,3713.14637,3700.03385,,,,
OAK4->ONT5,2018-09-20,00:00 PDT,3791.58066,3780.62759,,,,
OAK4->ONT5,2018-09-20,01:00 PDT,3791.33893,3780.38585,,,,
OAK4->ONT5,2018-09-20,02:00 PDT,509.845638,95.999893,,,,
OAK4->ONT5,2018-09-20,03:00 PDT,545.481821,126.035736,,,,
OAK4->ONT5,2018-09-20,04:00 PDT,574.197574,158.163199,,,,
OAK4->ONT5,2018-09-20,05:00 PDT,573.945462,158.163199,,,,
OAK4->ONT5,2018-09-20,06:00 PDT,594.126442,158.163199,,,,
OAK4->ONT5,2018-09-20,07:00 PDT,651.563047,183.688082,,,,
OAK4->ONT5,2018-09-20,08:00 PDT,739.024466,284.064522,,,,
OAK4->ONT5,2018-09-20,09:00 PDT,877.463731,410.64151,,,,
OAK4->ONT5,2018-09-20,10:00 PDT,1061.85424,567.325928,,,,
OAK4->ONT5,2018-09-20,11:00 PDT,1221.23596,735.455372,,,,
OAK4->ONT5,2018-09-20,12:00 PDT,1339.08999,777.921405,,,,
OAK4->ONT5,2018-09-20,13:00 PDT,1441.5536,910.553993,,,,
OAK4->ONT5,2018-09-20,14:00 PDT,1560.67128,1096.74092,,,,
OAK4->ONT5,2018-09-20,15:00 PDT,1709.71334,1261.18014,,,,
OAK4->ONT5,2018-09-20,16:00 PDT,1814.9958,1375.75625,,,,
OAK4->ONT5,2018-09-20,17:00 PDT,2005.58359,1618.83347,,,,
OAK4->ONT5,2018-09-20,18:00 PDT,2157.82978,1692.66191,,,,
OAK4->ONT5,2018-09-20,19:00 PDT,2263.29296,1959.76124,,,,
OAK4->ONT5,2018-09-20,20:00 PDT,2315.69267,2146.71487,,,,
OAK4->ONT5,2018-09-20,21:00 PDT,2317.33024,2259.98673,,,,
OAK4->ONT5,2018-09-20,22:00 PDT,2457.5346,2434.00646,,,,
OAK4->ONT5,2018-09-20,23:00 PDT,2506.52564,2489.30445,,,,
OAK4->ONT5,2018-09-21,00:00 PDT,2574.96635,2566.11682,,,,
OAK4->ONT5,2018-09-21,01:00 PDT,2574.81626,2565.96672,,,,
OAK4->ONT5,2018-09-21,02:00 PDT,319.516201,113.7177,,,,
OAK4->ONT5,2018-09-21,03:00 PDT,355.60117,162.065641,,,,
OAK4->ONT5,2018-09-21,04:00 PDT,394.535568,188.679296,,,,
OAK4->ONT5,2018-09-21,05:00 PDT,405.9238,190.965261,,,,
OAK4->ONT5,2018-09-21,06:00 PDT,441.982576,190.965261,,,,
OAK4->ONT5,2018-09-21,07:00 PDT,512.602961,210.242739,,,,
OAK4->ONT5,2018-09-21,08:00 PDT,590.099458,264.26122,,,,
OAK4->ONT5,2018-09-21,09:00 PDT,703.392662,359.923931,,,,
OAK4->ONT5,2018-09-21,10:00 PDT,892.934758,469.638398,,,,
OAK4->ONT5,2018-09-21,11:00 PDT,1123.35035,611.704228,,,,
OAK4->ONT5,2018-09-21,12:00 PDT,1209.01032,664.838366,,,,
OAK4->ONT5,2018-09-21,13:00 PDT,1282.88563,760.24575,,,,
OAK4->ONT5,2018-09-21,14:00 PDT,1383.49884,969.856183,,,,
OAK4->ONT5,2018-09-21,15:00 PDT,1489.37349,1077.08452,,,,
OAK4->ONT5,2018-09-21,16:00 PDT,1574.01001,1166.3216,,,,
OAK4->ONT5,2018-09-21,17:00 PDT,1670.84411,1271.39398,,,,
OAK4->ONT5,2018-09-21,18:00 PDT,1756.98008,1321.76188,,,,
OAK4->ONT5,2018-09-21,19:00 PDT,1913.77712,1609.96437,,,,
OAK4->ONT5,2018-09-21,20:00 PDT,1960.89373,1837.04177,,,,
OAK4->ONT5,2018-09-21,21:00 PDT,1952.37676,1915.60375,,,,
OAK4->ONT5,2018-09-21,22:00 PDT,2043.35395,2030.59253,,,,
OAK4->ONT5,2018-09-21,23:00 PDT,2061.05932,2049.87953,,,,
OAK4->ONT5,2018-09-22,00:00 PDT,2083.05634,2075.79727,,,,
OAK4->ONT5,2018-09-22,01:00 PDT,2083.05634,2075.79727,,,,
OAK4->ONT5,2018-09-22,02:00 PDT,1198.10216,249.57481,,,,
OAK4->ONT5,2018-09-22,03:00 PDT,1208.05995,336.349574,,,,
OAK4->ONT5,2018-09-22,04:00 PDT,1217.03171,433.034341,,,,
OAK4->ONT5,2018-09-22,05:00 PDT,1245.07502,434.2279,,,,
OAK4->ONT5,2018-09-22,06:00 PDT,1259.2257,434.2279,,,,
OAK4->ONT5,2018-09-22,07:00 PDT,1346.77428,537.660507,,,,
OAK4->ONT5,2018-09-22,08:00 PDT,1598.5279,792.747498,,,,
OAK4->ONT5,2018-09-22,09:00 PDT,1811.57591,1030.7104,,,,
OAK4->ONT5,2018-09-22,10:00 PDT,1975.85474,1218.41154,,,,
OAK4->ONT5,2018-09-22,11:00 PDT,2177.27057,1447.36737,,,,
OAK4->ONT5,2018-09-22,12:00 PDT,2264.67163,1540.05651,,,,
OAK4->ONT5,2018-09-22,13:00 PDT,2414.87544,1720.50633,,,,
OAK4->ONT5,2018-09-22,14:00 PDT,2528.92096,1906.12519,,,,
OAK4->ONT5,2018-09-22,15:00 PDT,2668.12107,2019.34219,,,,
OAK4->ONT5,2018-09-22,16:00 PDT,2844.83992,2160.89471,,,,
OAK4->ONT5,2018-09-22,17:00 PDT,2929.22513,2338.40474,,,,
OAK4->ONT5,2018-09-22,18:00 PDT,3002.91502,2439.61534,,,,
OAK4->ONT5,2018-09-22,19:00 PDT,3097.95904,2640.55217,,,,
OAK4->ONT5,2018-09-22,20:00 PDT,3150.79698,2909.78293,,,,
OAK4->ONT5,2018-09-22,21:00 PDT,3171.78666,3059.7472,,,,
OAK4->ONT5,2018-09-22,22:00 PDT,3180.23843,3142.77541,,,,
OAK4->ONT5,2018-09-22,23:00 PDT,3178.04833,3159.58035,,,,
OAK4->ONT5,2018-09-23,00:00 PDT,3174.51966,3168.45037,,,,
OAK4->ONT5,2018-09-23,01:00 PDT,3174.51966,3168.45037,,,,
OAK4->ONT5,2018-09-23,02:00 PDT,965.841389,90.888903,,,,
OAK4->ONT5,2018-09-23,03:00 PDT,1009.01952,103.427853,,,,
OAK4->ONT5,2018-09-23,04:00 PDT,1017.77403,122.235444,,,,
OAK4->ONT5,2018-09-23,05:00 PDT,1047.09852,122.235444,,,,
OAK4->ONT5,2018-09-23,06:00 PDT,1061.53914,122.235444,,,,
OAK4->ONT5,2018-09-23,07:00 PDT,1088.41536,122.235444,,,,
OAK4->ONT5,2018-09-23,08:00 PDT,1134.69383,122.235444,,,,
OAK4->ONT5,2018-09-23,09:00 PDT,1267.67892,168.226862,,,,
OAK4->ONT5,2018-09-23,10:00 PDT,1421.54713,230.518183,,,,
OAK4->ONT5,2018-09-23,11:00 PDT,1518.80907,250.669261,,,,
OAK4->ONT5,2018-09-23,12:00 PDT,1609.90707,253.902413,,,,
OAK4->ONT5,2018-09-23,13:00 PDT,1729.66827,269.835566,,,,
OAK4->ONT5,2018-09-23,14:00 PDT,1864.88529,347.77645,,,,
OAK4->ONT5,2018-09-23,15:00 PDT,2025.12477,450.71882,,,,
OAK4->ONT5,2018-09-23,16:00 PDT,2193.83423,496.704047,,,,
OAK4->ONT5,2018-09-23,17:00 PDT,2375.58004,534.329334,,,,
OAK4->ONT5,2018-09-23,18:00 PDT,2511.31461,556.629096,,,,
OAK4->ONT5,2018-09-23,19:00 PDT,2677.42256,643.538005,,,,
OAK4->ONT5,2018-09-23,20:00 PDT,2787.91275,961.726226,,,,
OAK4->ONT5,2018-09-23,21:00 PDT,2783.0288,1421.26526,,,,
OAK4->ONT5,2018-09-23,22:00 PDT,2766.53918,2043.62951,,,,
OAK4->ONT5,2018-09-23,23:00 PDT,2721.22808,2226.88002,,,,
OAK4->ONT5,2018-09-24,00:00 PDT,2706.51842,2532.75675,,,,
OAK4->ONT5,2018-09-24,01:00 PDT,2660.03704,2532.75675,,,,
OAK4->ONT5,2018-09-24,02:00 PDT,802.76651,49.482011,,,,
OAK4->ONT5,2018-09-24,03:00 PDT,809.433473,53.494937,,,,
OAK4->ONT5,2018-09-24,04:00 PDT,816.808018,53.985375,,,,
OAK4->ONT5,2018-09-24,05:00 PDT,821.933454,54.106721,,,,
OAK4->ONT5,2018-09-24,06:00 PDT,839.263001,54.106721,,,,
OAK4->ONT5,2018-09-24,07:00 PDT,872.253166,55.626459,,,,
OAK4->ONT5,2018-09-24,08:00 PDT,930.41346,56.240081,,,,
OAK4->ONT5,2018-09-24,09:00 PDT,1026.15735,66.463717,,,,
OAK4->ONT5,2018-09-24,10:00 PDT,1119.53712,67.535143,,,,
OAK4->ONT5,2018-09-24,11:00 PDT,1219.06704,78.508271,,,,
OAK4->ONT5,2018-09-24,12:00 PDT,1310.75893,82.319864,,,,
OAK4->ONT5,2018-09-24,13:00 PDT,1403.78461,91.417016,,,,
OAK4->ONT5,2018-09-24,14:00 PDT,1529.33902,102.259225,,,,
OAK4->ONT5,2018-09-24,15:00 PDT,1631.44861,108.252377,,,,
OAK4->ONT5,2018-09-24,16:00 PDT,1727.95708,119.506332,,,,
OAK4->ONT5,2018-09-24,17:00 PDT,1842.1853,153.224794,,,,
OAK4->ONT5,2018-09-24,18:00 PDT,1976.84223,164.446817,,,,
OAK4->ONT5,2018-09-24,19:00 PDT,2084.96042,193.097451,,,,
OAK4->ONT5,2018-09-24,20:00 PDT,2136.95764,272.473894,,,,
OAK4->ONT5,2018-09-24,21:00 PDT,2130.50591,511.95441,,,,
OAK4->ONT5,2018-09-24,22:00 PDT,2125.15776,1434.33157,,,,
OAK4->ONT5,2018-09-24,23:00 PDT,2098.61804,1794.96571,,,,
OAK4->ONT5,2018-09-25,00:00 PDT,2079.98506,2020.73307,,,,
OAK4->ONT5,2018-09-25,01:00 PDT,2061.26061,2020.56333,,,,
OAK4->ONT5,2018-09-25,02:00 PDT,1703.01845,3.694867,,,,
OAK4->ONT5,2018-09-25,03:00 PDT,1708.55561,5.267397,,,,
OAK4->ONT5,2018-09-25,04:00 PDT,1719.49732,12.966165,,,,
OAK4->ONT5,2018-09-25,05:00 PDT,1723.14336,12.981668,,,,
OAK4->ONT5,2018-09-25,06:00 PDT,1745.0185,12.981668,,,,
OAK4->ONT5,2018-09-25,07:00 PDT,1789.9779,15.679495,,,,
OAK4->ONT5,2018-09-25,08:00 PDT,1865.70419,74.74345,,,,
OAK4->ONT5,2018-09-25,09:00 PDT,1920.52874,211.510921,,,,
OAK4->ONT5,2018-09-25,10:00 PDT,1979.27942,402.080677,,,,
OAK4->ONT5,2018-09-25,11:00 PDT,2057.39796,596.109862,,,,
OAK4->ONT5,2018-09-25,12:00 PDT,2112.90007,658.829682,,,,
OAK4->ONT5,2018-09-25,13:00 PDT,2214.70547,724.186123,,,,
OAK4->ONT5,2018-09-25,14:00 PDT,2310.89551,795.452429,,,,
OAK4->ONT5,2018-09-25,15:00 PDT,2417.13013,865.768028,,,,
OAK4->ONT5,2018-09-25,16:00 PDT,2532.35951,1028.88346,,,,
OAK4->ONT5,2018-09-25,17:00 PDT,2590.30427,1238.26011,,,,
OAK4->ONT5,2018-09-25,18:00 PDT,2685.31668,1356.00154,,,,
OAK4->ONT5,2018-09-25,19:00 PDT,2783.29655,1723.66473,,,,
OAK4->ONT5,2018-09-25,20:00 PDT,2844.55042,2316.09624,,,,
OAK4->ONT5,2018-09-25,21:00 PDT,2829.24865,2602.60059,,,,
OAK4->ONT5,2018-09-25,22:00 PDT,2985.51962,2923.67005,,,,
OAK4->ONT5,2018-09-25,23:00 PDT,3044.383,2997.7841,,,,
OAK4->ONT5,2018-09-26,00:00 PDT,3050.50765,3031.67929,,,,
OAK4->ONT5,2018-09-26,01:00 PDT,3049.90725,3031.67929,,,,
OAK4->ONT5,2018-09-26,02:00 PDT,945.066758,43.179296,,,,
OAK4->ONT5,2018-09-26,03:00 PDT,1009.15354,134.675446,,,,
OAK4->ONT5,2018-09-26,04:00 PDT,1065.27293,204.683537,,,,
OAK4->ONT5,2018-09-26,05:00 PDT,1087.38182,207.381832,,,,
OAK4->ONT5,2018-09-26,06:00 PDT,1110.45777,207.381832,,,,
OAK4->ONT5,2018-09-26,07:00 PDT,1165.9372,243.928544,,,,
OAK4->ONT5,2018-09-26,08:00 PDT,1283.67864,405.741055,,,,
OAK4->ONT5,2018-09-26,09:00 PDT,1411.44334,541.054278,,,,
OAK4->ONT5,2018-09-26,10:00 PDT,1502.26871,705.545108,,,,
OAK4->ONT5,2018-09-26,11:00 PDT,1603.98194,885.775415,,,,
OAK4->ONT5,2018-09-26,12:00 PDT,1693.23427,938.447974,,,,
OAK4->ONT5,2018-09-26,13:00 PDT,1804.22637,1098.35712,,,,
OAK4->ONT5,2018-09-26,14:00 PDT,1935.47976,1304.20156,,,,
OAK4->ONT5,2018-09-26,15:00 PDT,2064.60193,1435.85349,,,,
OAK4->ONT5,2018-09-26,16:00 PDT,2204.39363,1574.83199,,,,
OAK4->ONT5,2018-09-26,17:00 PDT,2295.21316,1784.6646,,,,
OAK4->ONT5,2018-09-26,18:00 PDT,2371.42603,1889.31385,,,,
OAK4->ONT5,2018-09-26,19:00 PDT,2490.42365,2157.22394,,,,
OAK4->ONT5,2018-09-26,20:00 PDT,2553.13016,2314.02485,,,,
OAK4->ONT5,2018-09-26,21:00 PDT,2545.99952,2388.05625,,,,
OAK4->ONT5,2018-09-26,22:00 PDT,2611.08547,2546.50576,,,,
OAK4->ONT5,2018-09-26,23:00 PDT,2641.97259,2610.37651,,,,
OAK4->ONT5,2018-09-27,00:00 PDT,2690.60672,2675.3983,,,,
OAK4->ONT5,2018-09-27,01:00 PDT,2690.60672,2675.3983,,,,
OAK4->ONT5,2018-09-27,02:00 PDT,705.115998,202.552293,,,,
OAK4->ONT5,2018-09-27,03:00 PDT,737.115792,253.72326,,,,
OAK4->ONT5,2018-09-27,04:00 PDT,748.878779,279.622595,,,,
OAK4->ONT5,2018-09-27,05:00 PDT,757.449048,279.768148,,,,
OAK4->ONT5,2018-09-27,06:00 PDT,772.591212,279.768148,,,,
OAK4->ONT5,2018-09-27,07:00 PDT,793.645359,279.768148,,,,
OAK4->ONT5,2018-09-27,08:00 PDT,837.431014,306.937062,,,,
OAK4->ONT5,2018-09-27,09:00 PDT,918.537169,392.500884,,,,
OAK4->ONT5,2018-09-27,10:00 PDT,991.272237,513.466976,,,,
OAK4->ONT5,2018-09-27,11:00 PDT,1028.76658,594.722439,,,,
OAK4->ONT5,2018-09-27,12:00 PDT,1077.66338,621.639885,,,,
OAK4->ONT5,2018-09-27,13:00 PDT,1145.19096,657.78385,,,,
OAK4->ONT5,2018-09-27,14:00 PDT,1202.92764,773.845979,,,,
OAK4->ONT5,2018-09-27,15:00 PDT,1265.54309,853.934723,,,,
OAK4->ONT5,2018-09-27,16:00 PDT,1371.81512,973.621828,,,,
OAK4->ONT5,2018-09-27,17:00 PDT,1469.13166,1132.59448,,,,
OAK4->ONT5,2018-09-27,18:00 PDT,1544.02558,1196.99914,,,,
OAK4->ONT5,2018-09-27,19:00 PDT,1612.38289,1368.39513,,,,
OAK4->ONT5,2018-09-27,20:00 PDT,1665.97634,1494.33628,,,,
OAK4->ONT5,2018-09-27,21:00 PDT,1668.11494,1573.44713,,,,
OAK4->ONT5,2018-09-27,22:00 PDT,1805.41003,1784.65375,,,,
OAK4->ONT5,2018-09-27,23:00 PDT,1920.51418,1908.04943,,,,
OAK4->ONT5,2018-09-28,00:00 PDT,1964.90441,1958.86062,,,,
OAK4->ONT5,2018-09-28,01:00 PDT,1964.90441,1958.86062,,,,
OAK4->ONT5,2018-09-28,02:00 PDT,538.712944,149.174027,,,,
OAK4->ONT5,2018-09-28,03:00 PDT,600.742196,227.316302,,,,
OAK4->ONT5,2018-09-28,04:00 PDT,604.930411,227.992036,,,,
OAK4->ONT5,2018-09-28,05:00 PDT,614.648453,227.992036,,,,
OAK4->ONT5,2018-09-28,06:00 PDT,629.326714,227.992036,,,,
OAK4->ONT5,2018-09-28,07:00 PDT,677.914335,264.493585,,,,
OAK4->ONT5,2018-09-28,08:00 PDT,779.101583,373.46057,,,,
OAK4->ONT5,2018-09-28,09:00 PDT,923.730872,532.765821,,,,
OAK4->ONT5,2018-09-28,10:00 PDT,1091.34439,748.430308,,,,
OAK4->ONT5,2018-09-28,11:00 PDT,1288.52521,948.301803,,,,
OAK4->ONT5,2018-09-28,12:00 PDT,1408.72094,1064.10479,,,,
OAK4->ONT5,2018-09-28,13:00 PDT,1599.43467,1295.14957,,,,
OAK4->ONT5,2018-09-28,14:00 PDT,1703.78516,1387.08492,,,,
OAK4->ONT5,2018-09-28,15:00 PDT,1796.44331,1455.3919,,,,
OAK4->ONT5,2018-09-28,16:00 PDT,1916.03649,1600.50226,,,,
OAK4->ONT5,2018-09-28,17:00 PDT,2036.43936,1773.58137,,,,
OAK4->ONT5,2018-09-28,18:00 PDT,2123.76721,1876.73442,,,,
OAK4->ONT5,2018-09-28,19:00 PDT,2257.42575,2108.21103,,,,
OAK4->ONT5,2018-09-28,20:00 PDT,2352.88542,2269.3125,,,,
OAK4->ONT5,2018-09-28,21:00 PDT,2389.16568,2359.44142,,,,
OAK4->ONT5,2018-09-28,22:00 PDT,2429.60184,2416.76718,,,,
OAK4->ONT5,2018-09-28,23:00 PDT,2437.86096,2426.69832,,,,
OAK4->ONT5,2018-09-29,00:00 PDT,2485.03956,2478.03637,,,,
OAK4->ONT5,2018-09-29,01:00 PDT,2485.03956,2478.03637,,,,
OAK4->ONT5,2018-09-29,02:00 PDT,953.578408,223.510165,,,,
OAK4->ONT5,2018-09-29,03:00 PDT,1052.68365,390.559307,,,,
OAK4->ONT5,2018-09-29,04:00 PDT,1135.68739,503.390292,,,,
OAK4->ONT5,2018-09-29,05:00 PDT,1145.1683,509.043603,,,,
OAK4->ONT5,2018-09-29,06:00 PDT,1153.78474,509.043603,,,,
OAK4->ONT5,2018-09-29,07:00 PDT,1219.06414,569.522214,,,,
OAK4->ONT5,2018-09-29,08:00 PDT,1389.77899,748.318715,,,,
OAK4->ONT5,2018-09-29,09:00 PDT,1585.64908,936.255668,,,,
OAK4->ONT5,2018-09-29,10:00 PDT,1817.76492,1207.26099,,,,
OAK4->ONT5,2018-09-29,11:00 PDT,2015.15187,1384.03664,,,,
OAK4->ONT5,2018-09-29,12:00 PDT,2193.94997,1487.16098,,,,
OAK4->ONT5,2018-09-29,13:00 PDT,2281.13306,1638.91931,,,,
OAK4->ONT5,2018-09-29,14:00 PDT,2427.19739,1878.17723,,,,
OAK4->ONT5,2018-09-29,15:00 PDT,2569.75452,2002.63639,,,,
OAK4->ONT5,2018-09-29,16:00 PDT,2711.56272,2140.34954,,,,
OAK4->ONT5,2018-09-29,17:00 PDT,2834.68375,2279.44,,,,
OAK4->ONT5,2018-09-29,18:00 PDT,2950.75653,2386.36064,,,,
OAK4->ONT5,2018-09-29,19:00 PDT,3064.70698,2738.68963,,,,
OAK4->ONT5,2018-09-29,20:00 PDT,3128.17764,2945.44133,,,,
OAK4->ONT5,2018-09-29,21:00 PDT,3142.27704,3063.56295,,,,
OAK4->ONT5,2018-09-29,22:00 PDT,3203.75064,3169.01072,,,,
OAK4->ONT5,2018-09-29,23:00 PDT,3229.70976,3214.41061,,,,
OAK4->ONT5,2018-09-30,00:00 PDT,3274.0297,3264.25858,,,,
OAK4->ONT5,2018-09-30,01:00 PDT,3274.0297,3264.25858,,,,
OAK4->ONT5,2018-09-30,02:00 PDT,826.226556,116.263927,,,,
OAK4->ONT5,2018-09-30,03:00 PDT,854.985281,145.037304,,,,
OAK4->ONT5,2018-09-30,04:00 PDT,872.39542,160.338721,,,,
OAK4->ONT5,2018-09-30,05:00 PDT,899.342047,161.343964,,,,
OAK4->ONT5,2018-09-30,06:00 PDT,941.255329,161.343964,,,,
OAK4->ONT5,2018-09-30,07:00 PDT,1029.18027,190.491408,,,,
OAK4->ONT5,2018-09-30,08:00 PDT,1155.48508,355.856776,,,,
OAK4->ONT5,2018-09-30,09:00 PDT,1349.10505,579.15875,,,,
OAK4->ONT5,2018-09-30,10:00 PDT,1516.31493,803.600666,,,,
OAK4->ONT5,2018-09-30,11:00 PDT,1678.65025,1046.64147,,,,
OAK4->ONT5,2018-09-30,12:00 PDT,1785.6256,1141.915,,,,
OAK4->ONT5,2018-09-30,13:00 PDT,1876.66617,1274.19386,,,,
OAK4->ONT5,2018-09-30,14:00 PDT,2001.69431,1425.84446,,,,
OAK4->ONT5,2018-09-30,15:00 PDT,2117.44742,1557.35769,,,,
OAK4->ONT5,2018-09-30,16:00 PDT,2311.78037,1708.7002,,,,
OAK4->ONT5,2018-09-30,17:00 PDT,2406.5323,1848.29461,,,,
OAK4->ONT5,2018-09-30,18:00 PDT,2525.48978,1974.28914,,,,
OAK4->ONT5,2018-09-30,19:00 PDT,2602.7315,2248.5639,,,,
OAK4->ONT5,2018-09-30,20:00 PDT,2679.75426,2417.9664,,,,
OAK4->ONT5,2018-09-30,21:00 PDT,2664.9261,2558.10767,,,,
OAK4->ONT5,2018-09-30,22:00 PDT,2828.42062,2795.85957,,,,
OAK4->ONT5,2018-09-30,23:00 PDT,2894.34032,2873.4166,,,,
